,Akun,Konten,Lokasi
0,qaidu3,@DedekIak @PdipSolid @puanmaharani_ri Iya la THR juga paling ditunggu,
1,dea29808,@muhammadd_deni @puanmaharani_ri KA kendaraan yg paling praktis,
2,dea29808,@RitasariiSari @puanmaharani_ri top markotop pokok e mbak puan,
3,dea29808,@PdipSolid @puanmaharani_ri Kl saya mah ke palembang balek kampungnya,
4,qaidu3,@PdipSolid @puanmaharani_ri Iya semoga tahun ini dilancarkan semua,
5,dea29808,@Safitridede1 @puanmaharani_ri Mbak puan nyata calon pemimpin yg merakyat banget,
6,dea29808,@puanmaharani_ri Balek kampung itu wajib bagi saya,
7,qaidu3,@acikcika6 @puanmaharani_ri Tradisi mudik sangat dinanti orang yang merantau,
8,dea29808,"@puanmaharani_ri @KAI121 mbak puan RI 1,,bismilah",
9,dea29808,@puanmaharani_ri Kerja Nyata mbak puan untuk rakyat Indonesia sudah terbukti banget,
10,AdnanAgam1,@muhammadd_deni @puanmaharani_ri Kenderaan yg paling praktis yah naek kereta api,
11,qaidu3,@RitasariiSari @puanmaharani_ri Kami cinta Bu Puan,
12,WartaEkonomi,"Walah... Puan Maharani Terancam Dilaporkan ke Mahkamah Kehormatan Dewan, Ada Apa? https://t.co/uG4TnqLiej","Jakarta, Indonesia"
13,qaidu3,@muhammadd_deni @puanmaharani_ri Naik kereta perjalanan lebih santai,
14,AdnanAgam1,@DanaPensiun22 @puanmaharani_ri Munggahan sudh sudah tradisi balek kampung,
15,qaidu3,@puanmaharani_ri Yang mau mudik patuhi protokol kesehatan,
16,AdnanAgam1,"@AsgarMerah @puanmaharani_ri Amiin,,tanpa hambatan lancar aman",
17,AdnanAgam1,"@PdipSolid @puanmaharani_ri Kalo THR mah selalu si tungguin tiap tahun,,wkwk",
18,acikcika6,@hambarokp @puanmaharani_ri Jaga kesehatan biar badan fit,Indonesia
19,acikcika6,@azkaayulutfiah @puanmaharani_ri Patuhi protokol kesehatan,Indonesia
20,AdnanAgam1,@PdipSolid @puanmaharani_ri Setiap daerah mempunyai adat istiadat masing-masing,
21,acikcika6,@AurelTritania @puanmaharani_ri Sehat itu mahal,Indonesia
22,acikcika6,@artisindo8 @puanmaharani_ri Iya benar sekali kesehatan dijaga biar perjalanan mudik jadi lebih menyenangkan,Indonesia
23,acikcika6,@hold_raca @puanmaharani_ri Lanjut 2024 pemimpin perempuan,Indonesia
24,acikcika6,@ayukhanny @puanmaharani_ri Siap dukung,Indonesia
25,acikcika6,@AdnanAgam1 @puanmaharani_ri Patuhi protokol kesehatan saat mudik,Indonesia
26,acikcika6,@azkaayulutfiah @puanmaharani_ri @KAI121 Terimakasih Bu Puan info nya,Indonesia
27,acikcika6,@DedigDedigt @puanmaharani_ri @KAI121 Kereta api sekarang sudah pake AC semua,Indonesia
28,acikcika6,@artisindo8 @puanmaharani_ri @KAI121 Iya gak terasa sebentar lagi memasuki bulan Ramadhan,Indonesia
29,AdnanAgam1,@PdipSolid @puanmaharani_ri kalo kami mah balek kampung,
30,PUANnews,"#PPP Masih Meraba Isu Politik yang Dibahas dengan Puan Nanti - Konten Jatim 
#PuanMaharani

https://t.co/B8Ju8MXBCs","Gatakrejo, Nguter, Sukoharjo"
31,AdnanAgam1,"@RitasariiSari @puanmaharani_ri Luv banget pokok e mbak puan,,kami padamu",
32,AdnanAgam1,@Safitridede1 @puanmaharani_ri Kerja nyata untuk rakyat Indonesia terbuktii,
33,AdnanAgam1,"@puanmaharani_ri Mudik dengan aman dan nyaman,,tapi tetep jaga protokol kesehatan ya",
34,acikcika6,@puanmaharani_ri mudik sebagai salah satu momen berkumpul bersama keluarga besar,Indonesia
35,AdnanAgam1,"@puanmaharani_ri @KAI121 Tiket KA sebelum H- 45 sudah bisa di pesen tiket keberangkatan,,mantap",
36,AyahKami3,@artisindo8 @puanmaharani_ri @KAI121 Yang mau mudik pasti sudah gak sabaran,
37,AyahKami3,"@AurelTritania @puanmaharani_ri @KAI121 Enak klu punya mobil, mudik pake mobil sendiri",
38,AdnanAgam1,@puanmaharani_ri Suasana balek kampung Munggahan bikin kangen,
39,AyahKami3,@firmaansyah_ari @puanmaharani_ri @KAI121 Iya nih pengen mudik tapi gak ada kampung halaman,
40,AyahKami3,@DedigDedigt @puanmaharani_ri @KAI121 Iya sama saya juga sudah lama tidak naik kereta api,
41,AyahKami3,@RitasariiSari @puanmaharani_ri @KAI121 Laris manis tiket kereta menjelang lebaran,
42,AyahKami3,@AurelTritania @puanmaharani_ri Iya benar sekali lebih baik mencegah daripada mengobati,
43,AyahKami3,@artisindo8 @puanmaharani_ri Maka dari itu mudik dengan protokol kesehatan,
44,AyahKami3,"@AldainSatu @puanmaharani_ri Dari jauh hari tiket sudah ada, semoga semua yang mudik kebagian tiket",
45,AyahKami3,@DedigDedigt @puanmaharani_ri Aamiin semoga kita semua diberikan kesehatan,
46,AyahKami3,@RitasariiSari @puanmaharani_ri Yang mudik tetap mentaati peraturan protokol kesehatan,
47,AyahKami3,@puanmaharani_ri Ritual mudik lebaran kali ini diprediksi bakal ramai karena antusias masyarakat yang luar biasa,
48,K_DenZaman,"@Mdy_Asmara1701 Capres dr @PDI_Perjuangan yg paling masuk akal, ya mbak @puanmaharani_ri dibanding kader lain, bisa jd capres atau cawapres dg berkoalisi bareng @Gerindra &amp; @DPP_PKB sngt signifikan suaranya di akar rumput utk bertarung dg siapapun lawan dr koalisi lain @prabowo @cakimiNOW",
49,DedekIak,@muhammadd_deni @puanmaharani_ri Benar naik kereta alternatif mudik yang nyaman,
50,DedekIak,@Safitridede1 @puanmaharani_ri Tahun 2024 perempuan yang memimpin,
51,DedekIak,@RitasariiSari @puanmaharani_ri Ibu Puan selalu dihati kami,
52,DedekIak,@jipanaraya @puanmaharani_ri Ibu Puan gitu loh,
53,DedekIak,@AsgarMerah @puanmaharani_ri Aamiin semoga dilancarkan perjalanan mudik,
54,DedekIak,@PdipSolid @puanmaharani_ri Semua mengharapkan dapat THR manjela lebaran,
55,ajajakonjolitit,@puanmaharani_ri Pake cat apa buat warnain dunia buk?,
56,DedekIak,@hambarokp @puanmaharani_ri Iya sudah gak terasa lagi puasa ya,
57,benkaleh4,"@triliuner007 @Mdy_Asmara1701 Masa sie @puanmaharani_ri tidak layak?
Gimana ini pak @66Hasto @PDI_Perjuangan",
58,_dinoraurusss,@yumna_mufida Cc : @puanmaharani_ri,Kagak tentu
59,DedekIak,@AldainSatu @puanmaharani_ri Iya mudah-mudahan semua yang pada mudik kebagian tiket biar bisa mudik semua,
60,DedekIak,@DedigDedigt @puanmaharani_ri Aamiin sehat selalu buat kita,
61,DedekIak,@RitasariiSari @puanmaharani_ri Pastinya dong harus mudik dengan aman dan nyaman,
62,DedekIak,@puanmaharani_ri Lebaran dan mudik dua hal yang tidak bisa dipisahkan,
63,Syehadi7,@puanmaharani_ri Amiin yra.,
64,PUANnews,"#Tertahan di Meja Puan, Panja RUU PPRT Ancam Laporkan Pimpinan ke MKD - CNN Indonesia 
#PuanMaharani

https://t.co/dq35cRYHqL","Gatakrejo, Nguter, Sukoharjo"
65,PUANnews,"#Lirik Lagu Puan Kelana - Silampukau, Kita Tak Pernah Suka Air Mata - Alonesia - Alonesia 
#PuanMaharani

https://t.co/oTva8gJFu2","Gatakrejo, Nguter, Sukoharjo"
66,poetrakancil73,"@MARQUEZ__93 PERKIRAAN SAYA 2024
PRABOWO RI 1 - PUAN MAHARANI RI 2 ATAU GANJAR RI 1 - PRABOWO RI 2 ITU YG SDG DI GODOG DI DAPUR NYA KETUA UMUM",Jakarta
67,yanu2010,"@Kenikir27 @bengkeldodo @aniesbaswedan @ganjarpranowo @AgusYudhoyono @KhofifahIP @erickthohir @ridwankamil @aheryawan @puanmaharani_ri @prabowo Prestasinya apa? Minim saat ini jadi menteri? KKB gak ada tindakan, Natuna dibiarkan.. Apa ini? ğŸ˜ ğŸ˜",
68,JatengTV,(11) Pemilik PT Perorangan bisa melakukan pemisahan kekayaan pribadi dan bisnis secara formal karena memiliki NPWP yang terpisah. #ptperorangan #badanusaha #umkm #ganjarpranowo #prabowo #aniesbaswedan #puanmaharani #pilpres2024 #IndonesiaHebat #Jokowi https://t.co/HRqCfZUnue,"Semarang, Jawa Tengah"
69,Anasismail_Real,@arvindonoviar @luckylucky0971 @PDI_Perjuangan @puanmaharani_ri @budimandjatmiko @ganjarpranowo @gibran_tweet Mencalonkan boneka lg,"DKI Jakarta, Indonesia"
70,BeritaHangats,"Tak Hanya UU TPKS, Komnas Perempuan Minta Puan Maharani Dukung Pengesahan RUU PPRT https://t.co/mnrNfxE8Tm https://t.co/4HzIkwUJns",Indonesia
71,BeritaHangats,Eva Sundari: Pengesahan RUU PPRT Jadi Kesempatan Puan Maharani Buktikan Janji Kampanye https://t.co/C9IlIHIpZb https://t.co/UFIbCMKkB3,Indonesia
72,JatengTV,(12) PT Perorangan memiliki kepastian hukum dan terdaftar resmi di Kemenkumham. Kedudukannya sama seperti PT biasa. #ptperorangan #badanhukum #badanusaha #umkm #ganjarpranowo #prabowo #aniesbaswedan #puanmaharani #pilpres2024 #IndonesiaBangkit #Jokowi https://t.co/HRqCfZUnue,"Semarang, Jawa Tengah"
73,Blue_Shoe_Cant,"@itsamareguzel @puanmaharani_ri Heheh..bukan RAHASIA UMUM.lah..
Banggar..tiap ketok palu..cabut bintang..
Ada CASH BACK..
ğŸ¤­ğŸ¤­",
74,PUANnews,"#Tak Hanya UU TPKS, Komnas Perempuan Minta Puan Maharani Dukung Pengesahan RUU PPRT - https://t.co/J21vXiaVbA 
#PuanMaharani

https://t.co/Nbcn3jzZeq","Gatakrejo, Nguter, Sukoharjo"
75,Baron_Jackalz,"@arvindonoviar @PDI_Perjuangan @puanmaharani_ri @budimandjatmiko @ganjarpranowo @gibran_tweet Puan Maharani.. biar ""juara"" lagi",
76,alekda,"@Mdy_Asmara1701 @PDI_Perjuangan 
@puanmaharani_ri 

dipuji kadrunwati nih mbak ğŸ˜","Ciputat, Tangsel"
77,JatengTV,"(03) Pemilik PT Perorangan menjadi pemeran utama dalam mengatur kebijakan perusahaannya, termasuk dalam hal pengolahan data dan keuangan. #ptperorangan #sange #ciptakerja #indonesia #umkm #ganjarpranowo #prabowo #aniesbaswedan #puanmaharani #pilpres2024 https://t.co/HRqCfZUnue","Semarang, Jawa Tengah"
78,JatengTV,(04) Pada PT Perorangan seluruh kendala dan resiko kerugian serta keuntungan akan dihadapi dan ditanggung oleh pemilik usaha itu sendiri. #ptperorangan #badanhukum #badanusaha #umkm #ganjarpranowo #prabowo #aniesbaswedan #puanmaharani #pilpres2024 https://t.co/HRqCfZUnue,"Semarang, Jawa Tengah"
79,adeirawan_vrz,@puanmaharani_ri Semoga petugas partai anda mudik dan gk usah balik ke jakarta lg,"Kota Tangerang, Banten"
80,PUANnews,"#Soal RUU PPRT, Eva Sundari: Saatnya Mbak Puan Buktikan ... - telusur 
#PuanMaharani

https://t.co/2RxL7fI2ik","Gatakrejo, Nguter, Sukoharjo"
81,samuel_manaf2,"@arvindonoviar @PDI_Perjuangan @puanmaharani_ri @budimandjatmiko @ganjarpranowo @gibran_tweet salah semua ğŸ‘‹

ini pilihan @PDI_Perjuangan 
ğŸ”½âœŒï¸ğŸ˜ valid no debat ğŸ‘‹ https://t.co/zusbna80gf","Kota Surabaya, Jawa Timur"
82,marufali6797,@dodiubay14 @puanmaharani_ri Bener banget,
83,TikaYanuar2,"Duet Prabowo Subianto-Puan Maharani yang muncul dari koalisi ini diprediksi meraih kemenangan.

capres2024

pemilu2024

dekade08

terusmajubersamaprabowo

mendingprabowo

Prabowo Aja",
84,AmiraZahraa7,"Duet Prabowo Subianto-Puan Maharani yang muncul dari koalisi ini diprediksi akan meraih kemenangan.

capres2024

pemilu2024

dekade08

terusmajubersamaprabowo

mendingprabowo

Lebih Baik Prabowo",Jakarta
85,PUANnews,"#KIB Bisa Tarik PDIP ke Dalam Koalisi, tqpi Sulit Duetkan Airlangga ... - RMOLJABAR 
#PuanMaharani

https://t.co/DdJ8oUdLJM","Gatakrejo, Nguter, Sukoharjo"
86,CintaAnastasia5,"Duet Prabowo Subianto-Puan Maharani yang muncul dari koalisi ini diprediksi meraih kemenangan.

capres2024

pemilu2024

dekade08

terusmajubersamaprabowo

mendingprabowo

Prabowo Aja",
87,Athayaputr,"Duet Prabowo Subianto-Puan Maharani yang muncul dari koalisi ini diprediksi akan meraih kemenangan.

capres2024

pemilu2024

dekade08

terusmajubersamaprabowo

mendingprabowo

Lebih Baik Prabowo",
88,ZulfikarRasyi12,"Duet Prabowo Subianto-Puan Maharani yang muncul dari koalisi ini diprediksi meraih kemenangan.

capres2024

pemilu2024

dekade08

terusmajubersamaprabowo

mendingprabowo

Prabowo Aja",Kabupaten Bandung
89,isa_putri11,"Duet Prabowo Subianto-Puan Maharani yang muncul dari koalisi ini diprediksi akan meraih kemenangan.

capres2024

pemilu2024

dekade08

terusmajubersamaprabowo

mendingprabowo

Lebih Baik Prabowo",jakarta
90,Denigz0,"ada lagi nih ,viral bocil SMP full
durasi ""CEK LINK DI BIO* KUUU
bokep indo viral terbaru clmk
skandal bacok mmk basah bocil
sangek mmk pink
#bocilmesum
#bpcilviral2022#bocilsange https://t.co/qxH4e8Oa7H","Banten, Indonesia"
91,DaengWahidin2,"Seharusnya kuasa hukum tergugat (Presiden RI &amp; DPR RI) meminta tanda tangan asli Pak Jokowi, ibu Puan Maharani dan para wakil ketua DPR RI bukan membawa surat tugas dari Lembaga Setneg dan Sekretariat Jenderal DPR RI... ngaco nih..!!! Cabut Perppu Cilaka..!!! https://t.co/l4HjAkv3Hp","Jatinegara, Indonesia"
92,drama_maya8,@itsamareguzel @puanmaharani_ri https://t.co/C8DGHgLnHd,
93,putuagenggribig,JURUS PEMERINTAH ATASI INFLASI #GolkarIndonesia  #AirlanggaHartarto #UUCiptaKerja #Sambo #bharadaE #kerjanyata #aniesbaswedan #pemilu #jokowi #PSI #Gerindra #prabowo #ganjar #politikidentitas #puanmaharani #ridwankamil #pdip #nasdem #ekonomi #kpk #koalisi #pks #demokrat https://t.co/RX5mntg9Qh,"Kalideres, Indonesia"
94,DedigDedigt,"@RitasariiSari @puanmaharani_ri semoga beliau RI 1,, insyaallah...",bandung
95,DedigDedigt,@artisindo8 @puanmaharani_ri harus itu fasilitas harus di buat senyaman-nyamanya,bandung
96,DedigDedigt,@azkaayulutfiah @puanmaharani_ri ayo kita ramai kan  tradisi mudik di indonesia,bandung
97,DedigDedigt,"@PertamaPpratama @puanmaharani_ri sebelum mudik, harus di persiapkan matang-matang dulu",bandung
98,AsgarMerah,@puanmaharani_ri semoga mudik tahun ini lancar jaya tanpa hambatan,Garut
99,RitasariiSari,@AurelTritania @puanmaharani_ri kerennn bangetttt ğŸ”¥ğŸ”¥,
100,RitasariiSari,@firmaansyah_ari @puanmaharani_ri Mantap KAI sukses selalu,
101,RitasariiSari,@artisindo8 @puanmaharani_ri alhamdulillah KAI terus berkembang,
102,RitasariiSari,@DedigDedigt @puanmaharani_ri susana yang tak akan terlupakan kumpul bersama keluarga,
103,RitasariiSari,@muhammadd_deni @puanmaharani_ri kalau saya sih lebih baik bawak mobil sendiri,
104,RitasariiSari,@PertamaPpratama @puanmaharani_ri tetap keluarga yang nomor 1,
105,RitasariiSari,@ayukhanny @puanmaharani_ri salut ğŸ‘ğŸ‘ğŸ‘,
106,RitasariiSari,@azkaayulutfiah @puanmaharani_ri Amiinn ya rabbal alamin..,
107,j_jhondra,@Muhammad_Saewad @puanmaharani_ri Jangan membawa yang bersifat personality keglobalisasi hal itu sifat perseorang pribadi dia bukan karena agamanya atau alirannya karena kaffah nya bukan seperti itu beliu sedang dalam kehilafan kena rayuan syetan. Karena syetan itu musuh nyata manusia .,
108,RitasariiSari,"@puanmaharani_ri Yuk mudik dengan aman dan nyaman, ğŸ‘ğŸ‘ğŸ‘",
109,RitasariiSari,@puanmaharani_ri @KAI121 panen ya KAI di Gelombang pemudik menjelang puasa,
110,arisqaputra1,"@Jhonkosmik Tunggu saatnya akan tiba Bu @puanmaharani_ri bukan hanya sekedar menjadi Calon dan Bekas Calon Abadi, tapi jadi Presiden Indonesia.
âœŒï¸ğŸ˜",
111,PertamaPpratama,@RitasariiSari @puanmaharani_ri CAPRES TAHUN 2024 Mbak Puan Maharani â¤ï¸â¤ï¸â¤ï¸,
112,PertamaPpratama,"@ayukhanny @puanmaharani_ri Senangnya tak terbendung lagi, ketemu sama keluarga tercinta",
113,PertamaPpratama,@DedigDedigt @puanmaharani_ri ayo yang pada mau mudik harus melakukan persiapan dari sekarang,
114,PertamaPpratama,@firmaansyah_ari @puanmaharani_ri Mbak Puan ğŸ˜ğŸ˜ğŸ˜,
115,PertamaPpratama,@artisindo8 @puanmaharani_ri tambah keren aja KAI,
116,PertamaPpratama,@azkaayulutfiah @puanmaharani_ri luar biasa sekali ya  tradisi mudik di indonesia,
117,PertamaPpratama,@muhammadd_deni @puanmaharani_ri kalau saya sih lebih pilih naik pesawat,
118,PertamaPpratama,@AurelTritania @puanmaharani_ri kerennn bangetttt KAI,
119,PertamaPpratama,"@puanmaharani_ri kalau sakit di jalan, siapa yang rugi??",
120,PertamaPpratama,"@puanmaharani_ri @KAI121 harus pesan tiket ya di H-45, supaya kebagian",
121,ayukhanny,@RitasariiSari @puanmaharani_ri The next president 2024 ...,
122,ayukhanny,@muhammadd_deni @puanmaharani_ri ternyata banyak juga para pemudik menggunakan KAI,
123,ayukhanny,@firmaansyah_ari @puanmaharani_ri Salam Sukses but kita semua nya,
124,ayukhanny,@artisindo8 @puanmaharani_ri tapi sayang engk bisa merokok ya,
125,ayukhanny,@DedigDedigt @puanmaharani_ri harus itu di laksanakan,
126,ayukhanny,@AurelTritania @puanmaharani_ri banyak pembaruan di KAI,
127,ayukhanny,@azkaayulutfiah @puanmaharani_ri Siap menyambut  tradisi mudik di indonesia,
128,ayukhanny,"@PertamaPpratama @puanmaharani_ri kangen lah, pasti udah 1 tahun atau lebih sdh tak bertemu",
129,ayukhanny,@puanmaharani_ri siap dukung program pemerintah,
130,ayukhanny,"@puanmaharani_ri @KAI121 engk pernah mudik, tapi terus jaga tali silaturahmi pasti nya",
131,muhammadd_deni,@firmaansyah_ari @puanmaharani_ri Mantap KAI ğŸ‘ğŸ‘ğŸ‘,bandung
132,muhammadd_deni,@RitasariiSari @puanmaharani_ri My president for 2024,bandung
133,muhammadd_deni,@ayukhanny @puanmaharani_ri amin yraâ¤ï¸,bandung
134,muhammadd_deni,@DedigDedigt @puanmaharani_ri Love buat Family kita,bandung
135,muhammadd_deni,@azkaayulutfiah @puanmaharani_ri jangan lupa protokol kesehatan di laksanakan,bandung
136,muhammadd_deni,@PertamaPpratama @puanmaharani_ri jangan lupa pulang ya kawan-kawan,bandung
137,muhammadd_deni,@artisindo8 @puanmaharani_ri Amin....,bandung
138,muhammadd_deni,@AurelTritania @puanmaharani_ri KAI emang keren sampai sekarang,bandung
139,muhammadd_deni,@puanmaharani_ri setuju banget dengan mbak puan,bandung
140,muhammadd_deni,@puanmaharani_ri @KAI121 wah laris manis ya tiket nya menjelang bulan puasa,bandung
141,azkaayulutfiah,@firmaansyah_ari @puanmaharani_ri Bravo  KAI,
142,azkaayulutfiah,@AurelTritania @puanmaharani_ri semakin banyak orang menggunakan KAI sebagai alternatif mudik,
143,azkaayulutfiah,@artisindo8 @puanmaharani_ri KAI mengikut perkembangan zaman,
144,azkaayulutfiah,@RitasariiSari @puanmaharani_ri Sehat trus mbak Puan..is the bestğŸ‘ğŸ‘ğŸ‘,
145,azkaayulutfiah,@muhammadd_deni @puanmaharani_ri sekarang naik KAI udah nyaman loh,
146,ArthaArtha15,"@Mdy_Asmara1701 Menginginkan @puanmaharani_ri menjadi capres dari PDIP , secara tidak langsung menunjukkan ketidakyakinan anda terhadap @aniesbaswedan  bakal menang ğŸ˜…",
147,azkaayulutfiah,@DedigDedigt @puanmaharani_ri joss ğŸ‘,
148,azkaayulutfiah,@ayukhanny @puanmaharani_ri Alhamdulillah,
149,azkaayulutfiah,@PertamaPpratama @puanmaharani_ri asyik ya yang bisa mudik,
150,azkaayulutfiah,@puanmaharani_ri Siap dukung Protokol kesehatan,
151,azkaayulutfiah,@puanmaharani_ri @KAI121 Terimakasih Mbak Puan,
152,AurelTritania,@muhammadd_deni @puanmaharani_ri Rekomendasi banget,
153,AurelTritania,@hambarokp @puanmaharani_ri engk terasa ya,
154,AurelTritania,@DedigDedigt @puanmaharani_ri kangen dengan kampung halaman â¤ï¸â¤ï¸â¤ï¸,
155,pricilia_maya22,"First rauph and second just continue ,third constanly greed damn be trayed ..over and over again @puanmaharani_ri @jokowi @SBYudhoyono @SriMulyaniNet @prabowo Mega Mega hitters bigger mayning slave of you https://t.co/jve4CwcsCt","DKI Jakarta, Indonesia"
156,AurelTritania,@ayukhanny @puanmaharani_ri kereeeennnn â¤ï¸â¤ï¸â¤ï¸ ya mbak puan,
157,AurelTritania,@artisindo8 @puanmaharani_ri Saya Bangga  dengan KAI,
158,AurelTritania,@RitasariiSari @puanmaharani_ri maju terus Mbak Puan...saya mendukung Mbak Puan ğŸ’ªğŸ‘ğŸ‘,
159,AurelTritania,@PertamaPpratama @puanmaharani_ri mudik naik kereta api,
160,AurelTritania,@azkaayulutfiah @puanmaharani_ri barokallah,
161,AurelTritania,@puanmaharani_ri lebih baik mencegah daripada mengobati,
162,AurelTritania,@puanmaharani_ri @KAI121 kalau saya bawak mobil sendiri,
163,artisindo8,@firmaansyah_ari @puanmaharani_ri ğŸ”¥ğŸ˜ğŸ™Œ,
164,artisindo8,@AurelTritania @puanmaharani_ri Mantep ğŸ™Œ,
165,artisindo8,@RitasariiSari @puanmaharani_ri Insyaallah Allah Mbak Puan RI 1 2024,
166,artisindo8,@azkaayulutfiah @puanmaharani_ri Sukses  buat kita semua,
167,artisindo8,@ayukhanny @puanmaharani_ri Bismillah semangat ğŸ”¥ yang mau pada mudik semua,
168,artisindo8,@muhammadd_deni @puanmaharani_ri KAI semakin meningkat pelayanan nya,
169,artisindo8,@DedigDedigt @puanmaharani_ri protokol kesehatan nomor 1,
170,artisindo8,@PertamaPpratama @puanmaharani_ri kangen dengan masakan emak,
171,artisindo8,@puanmaharani_ri kesehatan harus di jaga sewaktu kita melakukan perjalanan atau mudik,
172,artisindo8,@puanmaharani_ri @KAI121 engk terasa ya sebenter lagi tradisi itu di lakukan,
173,firmaansyah_ari,@AldainSatu @puanmaharani_ri MantabğŸ”¥,
174,firmaansyah_ari,@Safitridede1 @puanmaharani_ri Bismillah 2024ğŸ™ŒğŸ™Œ,
175,firmaansyah_ari,@RitasariiSari @puanmaharani_ri bismillah mbak Puan presiden ke 2024,
176,firmaansyah_ari,@muhammadd_deni @puanmaharani_ri yang mau pada mudik nanti protokol kesehatan harus tetap di jaga,
177,firmaansyah_ari,@artisindo8 @puanmaharani_ri tiket nya susah banget dapat kalau sdh menjelang mudik,
178,firmaansyah_ari,@DedigDedigt @puanmaharani_ri Alhamdulillah ya bisa pada mudik semua nya nanti,
179,firmaansyah_ari,@azkaayulutfiah @puanmaharani_ri tradisi yang sangat luar biasa,
180,firmaansyah_ari,"@PertamaPpratama @puanmaharani_ri engk terasa ya sebentar lagi kita memasuki bulan suci ramadhan, dan persiapan untuk pulang ke kampung halaman",
181,firmaansyah_ari,@ayukhanny @puanmaharani_ri kangen kampung halaman,
182,firmaansyah_ari,@AurelTritania @puanmaharani_ri ğŸ‘ğŸ‘ğŸ‘,
183,firmaansyah_ari,@puanmaharani_ri @KAI121 kepengen mudik tapi engk ada kampung halaman,
184,amalhasanah1,"""Terpilihnya Ganjar Pranowo sebagai Presiden oleh Ketum PDIP Megawati adalah sebuah keberanian yang patut kita akui. Hal ini menandakan bahwa Puan Maharani bukan satu-satunya pilihan PDIP. #GanjarPranowoPresiden #PuanMaharani #PDIP #Megawati",
185,WartaEkonomi,"Puan Maharani Akan Lakukan Kunjungan, PAN: Acara Santai Saja https://t.co/1d7lGkHAN2","Jakarta, Indonesia"
186,salmanbestu,@puanmaharani_ri Mbk puan calon presiden dari PDI-P pas banget,
187,KNanden,@puanmaharani_ri @CommonsSpeaker ğŸ‘,
188,kopi_stabil,@TsamaraDKI 55 - 45 untuk mbak @puanmaharani_ri,Indonesia Ujung
189,bbgjoko,@vita_AVP @arvindonoviar @PDI_Perjuangan @puanmaharani_ri @budimandjatmiko @ganjarpranowo @gibran_tweet Blm mau nyebut nama.,Indonesia
190,Penipu_Rakyat,"@OposisiCerdas Memang ibunya @puanmaharani_ri percaya Allah SWT ?

Menyebut SWT AJA GAK BISA. KATANYA SERING IKUT PENGAJIAN.

ğŸ¤®",USA
191,ThemancalledKZ,"@puanmaharani_ri bu, kok ga mutualan sm bu mega??",
192,Abdoeljegger202,@Hasbil_Lbs @AgusYudhoyono @aniesbaswedan mbok @puanmaharani_ri tolong dilaporkan ke mamakmu ya,
193,kopi_stabil,@puanmaharani_ri Amin,Indonesia Ujung
194,ThemancalledKZ,@AbahHazoel @puanmaharani_ri bu puannnya jadi MOTM itu,
195,ThemancalledKZ,"@puanmaharani_ri ibu keren fotonya, bisa tendangan corner ga bu?",
196,salmanbestu,@puanmaharani_ri Mbk puan lebih dominan,
197,suyamuki,@puanmaharani_ri Bu masyarakat  jangan di bebani syarat syarat yang ribet lagi..( Covid ),"Kuta,Bali Indonesia"
198,PUANnews,"#Willy: RUU PPRT Belum di Paripurnakan Karena Masih Tertahan di ... - realitarakyat 
#PuanMaharani

https://t.co/P4Wn74F1EG","Gatakrejo, Nguter, Sukoharjo"
199,PUANnews,"#Pengurus MLKI, Puan Hayati, dan Gema Pakti DMD Kabupaten Klaten Dikukuhkan - https://t.co/gTczYHgBiF 
#PuanMaharani

https://t.co/UdD6FeZRfp","Gatakrejo, Nguter, Sukoharjo"
200,fatawi_pw,@P3nulis_alam1_ @puanmaharani_ri  ibu x,kediri
201,maryami_arifin,@arvindonoviar @PDI_Perjuangan @puanmaharani_ri @budimandjatmiko @ganjarpranowo @gibran_tweet Mega,
202,mangkuto78,@Eltiga8 @puanmaharani_ri Insyaallah Bu puan bisa.,jakarta 
203,iwanKur76759461,"@Mdy_Asmara1701 Dan juga jeng @puanmaharani_ri sdh jadi ustadzah yang dicintai emakÂ² pengajian, beliau akhirÂ² ini sibuk keliling daerah mengisi tausyiah jelang pilpres 2024. 
Selain jadi ustadzah beliau juga pekerja keras &amp; wanita serba bisa, beliau jadi inspirator para petani &amp; pedagang
#Calm https://t.co/LyjihXmWka",
204,JatengTV,(13) Masih belum banyak peraturan yang mengatur perusahaan PT perorangan ini sehingga pemilik perusahaan bebas melakukan aktivitas usahanya. #ptperorangan #badanhukum #badanusaha #umkm #ganjarpranowo #prabowo #aniesbaswedan #puanmaharani #pilpres2024 https://t.co/HRqCfZUnue,"Semarang, Jawa Tengah"
205,sheilaolvvv,@puanmaharani_ri Wan?aman??,"Temanggung, Indonesia"
206,mku_manis,"@Nandoreda123 @mohmahfudmd @jokowi @KemensetnegRI @puanmaharani_ri @DPR_RI @KPK_RI @NarasiNewsroom @NajwaShihab @AimanWitjaksono Terima kasih mas...uda ikut meng up...semoga para pejabat pusat mau memperhatikan kasus yg lg hangat di kota Kudus Jawa Tengah.
Pengisian perangkat desa yg cacat hukum...(bisa2nya peserta tak ikut ujian keluar nilai, nilai berubah ubah, serta tak mematuhi perbup)","Jawa Tengah, Indonesia"
207,karinamamsoto,@okk__otsu @englishfess_ puma is puan maharaniğŸ™ğŸ»ğŸ™ğŸ»ğŸ™ğŸ»,
208,K7_m0en,"Gaya mu Cil ? Pake ngaturÂ² siapa yg jadi lawan junjungan lu ?
Klu serius mau @puanmaharani_ri jadi Presiden,lu resign dulu deh jadi buzzernya Anies..?
Berani lu ? ğŸ˜„ğŸ˜„",Indonesia.
209,Disuruh_Iben,Puan Maharani-Muhaimin Iskandar adalah Gambling Besar PDI-P - https://t.co/rMcvXyHo1a - https://t.co/rMcvXyHo1a https://t.co/wQ3VUcv6KC #IndonesiaKuat #BangkitBersama,Pulau Impian
210,HansjayaHans,"@Mdy_Asmara1701 Tuh.. dengar yak @PDI_Perjuangan , kalo @puanmaharani_ri lebih layak sebagai bacapres menurut kaum kadrun.. ğŸ™„

Berani Terima tantangan dari kadrun..? ğŸ˜ŠğŸ˜…ğŸ˜‚ğŸ¤£

Tuh bocil.. Gw panasÂ²in PDIP biar WanAibon mulus jalannya.. ğŸ˜Œ",Jakarta
211,Evadri65,Ngak masalah puan Maharani ikut jadi capres. Biar ada lawan ANIES. Kalau utk menang insya Allah Ngak mungkin. Presiden RI pilihan rakyat Indonesia tetap ANIES BASWEDAN,
212,yhendarsyah,@AyahKami3 @puanmaharani_ri Bertanding dengan rasa hormat dan Hidmat . Penuh fair play,jakarta
213,yhendarsyah,@dea29808 @puanmaharani_ri Ada momen ketemu konstituen nya,jakarta
214,yhendarsyah,@Zia1111 @puanmaharani_ri Berlatih lebih keras dan lebih cerdas bermain tuntas,jakarta
215,yhendarsyah,@ayukhanny @puanmaharani_ri Harus diperbanyak lagi,jakarta
216,yhendarsyah,@muhammadd_deni @puanmaharani_ri Harus dan harus,jakarta
217,jekseparoe,@puanmaharani_ri Mohon kalau ibu berkuasa nanti pengajian jangan dilarang.,
218,yhendarsyah,@acikcika6 @puanmaharani_ri Selamat berjuang adik2 timnas u 20,jakarta
219,yhendarsyah,@AldainSatu @puanmaharani_ri Pasti lebih baik lagi apalagi ketum pas nya baru,jakarta
220,yhendarsyah,"@pusppitasari18 @puanmaharani_ri Damai , aman dan nyaman",jakarta
221,yhendarsyah,@Nesyaagustin8 @puanmaharani_ri Pastinya dong,jakarta
222,yhendarsyah,@Putraahmad22 @puanmaharani_ri Kita doakan saja,jakarta
223,HusainMechmari6,@arvindonoviar @PDI_Perjuangan @puanmaharani_ri @budimandjatmiko @ganjarpranowo @gibran_tweet Gua nggak ada pilihan di atas,
224,firmaansyah_ari,@puanmaharani_ri Sukses terus buat KAI indonesia,
225,artisindo8,@puanmaharani_ri Skrng KAI fasilitas nya sudah tambah bagus aja,
226,AurelTritania,@puanmaharani_ri KAI semakin maju kedepan nya,
227,azkaayulutfiah,@puanmaharani_ri Siap ikut meramaikan tradisi mudik di indonesia,
228,muhammadd_deni,@puanmaharani_ri Alternatif mudik yg praktis naik KAI,bandung
229,ayukhanny,@puanmaharani_ri Senang nya ya yang bisa kumpul bareng sama keluarga,
230,PertamaPpratama,@puanmaharani_ri pasti mudik kangen dengan kampung halaman,
231,RitasariiSari,@puanmaharani_ri Love buat mbak puan,
232,RitasariiSari,@AfifahKirana2 @puanmaharani_ri Pantang menyerah dan terus berjuang higa akhir,
233,RitasariiSari,@AurelTritania @puanmaharani_ri maju terus Mbak Puan...saya mendukung Mbak Puan ğŸ’ªğŸ‘ğŸ‘,
234,RitasariiSari,"@firmaansyah_ari @puanmaharani_ri Insya Allah Mbak Puan Presiden RI 2024, aamiin.",
235,RitasariiSari,@DedigDedigt @puanmaharani_ri Bismillah 2024ğŸ™ŒğŸ™Œ,
236,RitasariiSari,"@azkaayulutfiah @puanmaharani_ri PDIP Partaiku,,Mbak Puan Maharani Presidenku...",
237,RitasariiSari,@muhammadd_deni @puanmaharani_ri tunjukan pada dunia,
238,RitasariiSari,@ayukhanny @puanmaharani_ri SemangatğŸ’ªğŸ’ªğŸ’ª,
239,RitasariiSari,@PertamaPpratama @puanmaharani_ri pastinya bangga dan berharap timnas Indonesia juara,
240,RitasariiSari,@marufali6797 @puanmaharani_ri dukung dan doa terbaik buat timnas,
241,RitasariiSari,@puanmaharani_ri Semangat ğŸ‘ğŸ¼âš½ï¸,
242,urintubator,@yourkwanim rekues cosplay puan maharani,"Surakarta, Jawa Tengah"
243,sabronaiditnusa,@puanmaharani_ri puan maharani sing sabar gih..pangapunten saestu lhe nek dados presiden niku radi gampang gih gampang..nek angel gih angel saestu lho,
244,PertamaPpratama,@tri910721 @Zia1111 @puanmaharani_ri pastinya dong semangat untuk  jadi juara,
245,PertamaPpratama,@dita16577 @Ernasusi13 @puanmaharani_ri ku yakin Indonesia juara,
246,PertamaPpratama,@AfifahKirana2 @puanmaharani_ri tekad untuk menang semangat,
247,PertamaPpratama,@AurelTritania @puanmaharani_ri bismillah insyaallah Indonesia menang,
248,PertamaPpratama,@firmaansyah_ari @puanmaharani_ri jangan pernah menyerah para atlet-atlet muda Indonesia,
249,PertamaPpratama,@artisindo8 @puanmaharani_ri Presiden RI 1 2024,
250,PertamaPpratama,@RitasariiSari @puanmaharani_ri lanjutkan Bu Puan Maharani,
251,PertamaPpratama,@muhammadd_deni @puanmaharani_ri semangat semoga berhasil,
252,PertamaPpratama,@ayukhanny @puanmaharani_ri Bersama yakin bisa raih kejayaan bersama Timnas Indonesia generasi penerus  bangsa,
253,PertamaPpratama,@puanmaharani_ri semangat atlet-atlet muda timnas Indonesia,
254,ayukhanny,@AfifahKirana2 @puanmaharani_ri Kemenangan akan hadir,
255,ayukhanny,@AurelTritania @puanmaharani_ri Optimis bisa meraih kemenangan,
256,ayukhanny,@firmaansyah_ari @puanmaharani_ri Mari bersama-sama kawal Timnas Indonesia jadi juara,
257,ayukhanny,@artisindo8 @puanmaharani_ri Bu Puan pastinya selalu terdepan mendukung generasi muda,
258,ayukhanny,@muhammadd_deni @puanmaharani_ri kita dukung terus beri semangat untuk para atlet-atlet muda Indonesia,
259,ayukhanny,@azkaayulutfiah @puanmaharani_ri ikut memberi motifasi semangat bermain,
260,ayukhanny,"@RitasariiSari @puanmaharani_ri yups, bukan hanya laki-laki yang suka, perempuan juga suka dengan sepak bola",
261,ayukhanny,"@DedigDedigt @puanmaharani_ri foto nya keren banget ya, jadi motifasi buat semangat bermain bola",
262,ayukhanny,@PertamaPpratama @puanmaharani_ri semangat untuk mengharumkan nama bangsa,
263,ayukhanny,@puanmaharani_ri aamiin semangat untuk juara,
264,muhammadd_deni,@Eltiga8 @puanmaharani_ri Semangat para atlet-atlet muda Indonesia,bandung
265,muhammadd_deni,@AfifahKirana2 @puanmaharani_ri merdeka semangat untuk para atlet-atlet,bandung
266,muhammadd_deni,@KynanPutri4 @puanmaharani_ri insyaallah aamiin Bu Puan Maharani presiden RI 1,bandung
267,muhammadd_deni,@DedigDedigt @puanmaharani_ri 5 tahun yang lalu foto nya,bandung
268,muhammadd_deni,@artisindo8 @puanmaharani_ri bawa harum nama bangsa,bandung
269,muhammadd_deni,@azkaayulutfiah @puanmaharani_ri Bu Puan memang the best,bandung
270,muhammadd_deni,@RitasariiSari @puanmaharani_ri capres RI 1 Bu Puan Maharani,bandung
271,muhammadd_deni,@PertamaPpratama @puanmaharani_ri Semangat para atlet-atlet Indonesia buktikan kalian bisa,bandung
272,muhammadd_deni,@ayukhanny @puanmaharani_ri bukti klu Indonesia terbaik,bandung
273,muhammadd_deni,@puanmaharani_ri Bersama garuda Indonesia juara,bandung
274,azkaayulutfiah,@jipanaraya @puanmaharani_ri bismillah Indonesia juara,
275,azkaayulutfiah,@ShofwanZuhri @puanmaharani_ri buktikan pada dunia Indonesia bisa,
276,azkaayulutfiah,@rafaanandaaa @puanmaharani_ri bismillah semoga Indonesia juara,
277,azkaayulutfiah,@NinoWiyu @puanmaharani_ri garuda didadaku,
278,azkaayulutfiah,@TominHino @puanmaharani_ri Good job,
279,yhendarsyah,@NenesKanza @puanmaharani_ri Bisa lolos babak penyisihan aja dah bangga banget,jakarta
280,azkaayulutfiah,@DedigDedigt @puanmaharani_ri Iya benar,
281,azkaayulutfiah,"@ayukhanny @puanmaharani_ri siap dukung Indonesia jadi juara, Bu Puan jadi presiden RI 1 2024",
282,azkaayulutfiah,@muhammadd_deni @puanmaharani_ri ikut bangga Indonesia jadi tuan rumah,
283,azkaayulutfiah,@PertamaPpratama @puanmaharani_ri Indonesia pasti menang,
284,azkaayulutfiah,@puanmaharani_ri pastinya semangat meraih kemenangan,
285,yhendarsyah,@AfifahKirana2 @puanmaharani_ri Tetap semangat pantang menyerah,jakarta
286,yhendarsyah,@tri910721 @puanmaharani_ri Perjuangan yang penuh kerja keras,jakarta
287,Riau24Com,"Soal Kunjungan Politisi PDI Perjuangan Puan Maharani, Ini Kata Petinggi PAN https://t.co/ENBAIp72Oq",Pekanbaru
288,yhendarsyah,@DedigDedigt @puanmaharani_ri 5 years a go,jakarta
289,yhendarsyah,@KynanPutri4 @puanmaharani_ri Semoga bisa membawa perubahan sepakbola kita,jakarta
290,AdnanAgam1,@salmanbestu @puanmaharani_ri Amiin Allahuma amiin,
291,yhendarsyah,@marufali6797 @puanmaharani_ri Semoga saja ya.,jakarta
292,yhendarsyah,"@viviyo17 @puanmaharani_ri Semoga , perlu berbenah di segala lini",jakarta
293,yhendarsyah,@annisaratna0 @puanmaharani_ri Semoga saja. Secara permainan bisa mengimbangi,jakarta
294,AdnanAgam1,@Zia1111 @puanmaharani_ri Optimis banget pasti menang,
295,yhendarsyah,@puanmaharani_ri Saat ini ada  pemain yang  masuk timnas gak ?,jakarta
296,AdnanAgam1,@luluksaru251 @puanmaharani_ri aa Bangga banget jadi bagian anak Indonesia,
297,PUANnews,"#RUU PPRT Tertahan di Meja Puan Ketua Panja Membingungkan - https://t.co/wMuBRTjxPX 
#PuanMaharani

https://t.co/HOUsrTcOYw","Gatakrejo, Nguter, Sukoharjo"
298,PUANnews,"#Ratusan Pedagang Korban Kebakaran Pasar Cik Puan akan Ditempatkan di Bangunan Ini... - RiauSky 
#PuanMaharani

https://t.co/ZMUVhcNJhQ","Gatakrejo, Nguter, Sukoharjo"
299,AdnanAgam1,@aL_moert @puanmaharani_ri Insyaallah mbak puan the next presiden di 2024,
300,AdnanAgam1,@ubinhasnanto1 @puanmaharani_ri @PDI_Perjuangan mbak puan lah juaranya menjadi presiden,
301,AdnanAgam1,@dita16577 @puanmaharani_ri Timnas berikan permainan terbaik untuk Indonesia,
302,AdnanAgam1,@PutraPujangga91 @puanmaharani_ri Dukung Timnas U -20 untuk menjadi juara FIFA,
303,AdnanAgam1,@fadilahmaad67 @puanmaharani_ri suport terus mbak puan dan dukung terus Timnas Indonesia,
304,jipanaraya,"@puanmaharani_ri Masya Allah, keren Ibu Puan",Indonesia 
305,AdnanAgam1,@pusppitasari18 @puanmaharani_ri Insyaallah pasti menang atlet atlet Indonesia,
306,AdnanAgam1,@puanmaharani_ri Menghangatkan atlet atlet generasi muda agar menjadi juara,
307,AdnanAgam1,@puanmaharani_ri Mbak puan memang perempuan terbaik,
308,KynanPutri4,@RitasariiSari @puanmaharani_ri mbak puan mewakili perempuan yg pencinta bola,
309,KynanPutri4,@Zia1111 @puanmaharani_ri yang pasti Optimislah untuk menang,
310,KynanPutri4,@aL_moert @puanmaharani_ri mbak puan sosok perempuan yang sangat luar biasa,
311,KynanPutri4,@AbdulSoleh_H @puanmaharani_ri Hebat mbak puan,
312,AurelTritania,@NenesKanza @puanmaharani_ri Indonesia juara,
313,KynanPutri4,@fadilahmaad67 @puanmaharani_ri Semangat dan sukses terus,
314,AurelTritania,@artisindo8 @puanmaharani_ri Presiden kita 2024 Bu Puan Maharani,
315,AurelTritania,"@firmaansyah_ari @puanmaharani_ri Indonesia the best, Bu Puan the best",
316,KynanPutri4,@PutraPujangga91 @puanmaharani_ri meri kita dukung terus Timnas Indonesia,
317,AurelTritania,@azkaayulutfiah @puanmaharani_ri pastinya Bu Puan terdepan memberi semangat,
318,AurelTritania,@DedigDedigt @puanmaharani_ri semoga sukses selalu Indonesia ku,
319,AurelTritania,@muhammadd_deni @puanmaharani_ri selalu doa kan yang terbaik buat mengharumkan nama bangsa,
320,AurelTritania,@PertamaPpratama @puanmaharani_ri yakin Indonesia juara,
321,KynanPutri4,"@salmanbestu @puanmaharani_ri bismilah,,PDI P Usung mbak puan jadi presiden",
322,AurelTritania,@ayukhanny @puanmaharani_ri kita yakinkan para atlet-atlet muda Indonesia pasti juara nya,
323,AurelTritania,@RitasariiSari @puanmaharani_ri Kami ada untuk Timnas Indonesia,
324,AurelTritania,"@puanmaharani_ri Satu kata untuk timnas Indonesia, JUARA!",
325,KynanPutri4,@Nesyaagustin8 @puanmaharani_ri Timnas Indonesia tunjukkan permainan terbaik kalian,
326,KynanPutri4,@pusppitasari18 @puanmaharani_ri Indonesia Piala Dunia menang,
327,KynanPutri4,@puanmaharani_ri Semangatnya Piala Dunia U- 20 sampe ke Nusantara,
328,artisindo8,@AurelTritania @puanmaharani_ri Ayo semangat timnas,
329,artisindo8,@muhammadd_deni @puanmaharani_ri aamiin timnas juara,
330,artisindo8,@Putraahmad22 @puanmaharani_ri asal ada tekad dan kemauan apa yang tidak mungkin,
331,KynanPutri4,@puanmaharani_ri Suport dan dukung terus mbak puan RI 1 di 2024,
332,AldainSatu,@puanmaharani_ri Semoga stok tiket tahun ini banyak dan kebagian untuk semua rakyat Indonesia yang pengen mudik,
333,artisindo8,@azkaayulutfiah @puanmaharani_ri presiden RI 1 2024 Bu Puan Maharani,
334,AldainSatu,@mangkuto78 @puanmaharani_ri Mudik dengan kereta nikmatnya perjalanan menuju desa,
335,artisindo8,"@DedigDedigt @puanmaharani_ri foto 5 tahun yang lalu, tak ada yang berubah dari bu Puan",
336,artisindo8,@RitasariiSari @puanmaharani_ri Garuda didada ku,
337,artisindo8,@pusppitasari18 @puanmaharani_ri semoga acaranya berjalan dengan lancar,
338,artisindo8,@PertamaPpratama @puanmaharani_ri insyaAllah Indonesia juara,
339,artisindo8,@ayukhanny @puanmaharani_ri Indonesia maju Indonesia bisa Indonesia juara,
340,artisindo8,@puanmaharani_ri ikut merasa bangga Indonesia jadi tuan rumah piala Dunia FIFA U-20,
341,AfifahKirana2,@Zia1111 @puanmaharani_ri Optimis Timnas bisa juara,
342,firmaansyah_ari,@NenesKanza @puanmaharani_ri yakin Indonesia juara,
343,AfifahKirana2,@tri910721 @puanmaharani_ri Bisa yok bisa kawal Timnas menjadi juara,
344,firmaansyah_ari,@salmanbestu @puanmaharani_ri Bu Puan maharani Maharani presiden RI 1 2024,
345,firmaansyah_ari,"@Putraahmad22 @puanmaharani_ri garuda didadaku, ku yakin pasti menang",
346,firmaansyah_ari,@pusppitasari18 @puanmaharani_ri bismillah insyaallah Indonesia menang,
347,firmaansyah_ari,@artisindo8 @puanmaharani_ri beri dukungan semangat untuk  timnas,
348,AfifahKirana2,@PutraPujangga91 @puanmaharani_ri Dukung dn suport terus Timnas Indonesia,
349,firmaansyah_ari,@DedigDedigt @puanmaharani_ri foto lama bersemi kembali,
350,firmaansyah_ari,@RitasariiSari @puanmaharani_ri Ibu Puan Maharani presiden RI 2024,
351,firmaansyah_ari,@muhammadd_deni @puanmaharani_ri SEMANGAT meraih kemenangan,
352,AfifahKirana2,@Zia1111 @fadilahmaad67 @puanmaharani_ri Jangan pantang menyerah sebelum berjuang,
353,firmaansyah_ari,@ayukhanny @puanmaharani_ri jangan pernah menyerah para atlet-atlet muda Indonesia,
354,firmaansyah_ari,@PertamaPpratama @puanmaharani_ri Bismillah Indonesia juara,
355,jaka_pantura01,@bengkeldodo @papariezky @aniesbaswedan @ganjarpranowo @AgusYudhoyono @KhofifahIP @erickthohir @ridwankamil @aheryawan @puanmaharani_ri dia masa laluku..masa depan Insya Allah pilih @aniesbaswedan ğŸ™ğŸ™,
356,AfifahKirana2,@Nesyaagustin8 @puanmaharani_ri Timnas Indonesia luar biasa,
357,firmaansyah_ari,@puanmaharani_ri Semoga membawa harum nama bangsa,
358,AfifahKirana2,@salmanbestu @puanmaharani_ri mbak puan presiden di 2024,
359,AfifahKirana2,"@viviyo17 @puanmaharani_ri kl ada perempuan,,insyaallah semua pekerjaan akan beres",
360,dhatuputra,Yuk ibundanya diajak pengajian ğŸ«¶ğŸ½ @puanmaharani_ri,"Surakarta, Jawa Tengah"
361,AfifahKirana2,@pusppitasari18 @puanmaharani_ri Menang kalah hal biasa yang penting tunjukkan permainan yg terbaik,
362,AfifahKirana2,@AbdulSoleh_H @puanmaharani_ri Keren mbak puan,
363,AldainSatu,@marufali6797 @puanmaharani_ri Pastinya kalau hari mudik tiba hari bahagia,
364,AldainSatu,@Hakimalahmad1 @puanmaharani_ri Kendaraan mudik apa aja nih hayoo,
365,firmaansyah_ari,@puanmaharani_ri Ojo Pedhot Oyot (Jangan Putus Akar),
366,AfifahKirana2,@puanmaharani_ri Atlet atlet muda Indonesia teruslah berprestasi lebih tinggi,
367,Denigz0,"VIRAL BOKEP KEBAYA MERAH, FULL DURASI *CEK LINK* DI *BIO* FUL DURASI 16 MENIT BAWAHNYA PINK COYğŸ¥°ğŸ¤¤

Video full ada di *bio* profil atau di komentar tweet

#SANGEE_AAAAAAAAA
#Kebayarmerahfull
#kebayamerah
#sange_aaaaaaaaa https://t.co/QnviLgwIKZ","Banten, Indonesia"
368,artisindo8,@puanmaharani_ri Mantap Mbak Puan sukses selalu ğŸ‘ğŸ‘ğŸ‘,
369,AldainSatu,@DanaPensiun22 @puanmaharani_ri sebulan sebelum ramadhan artinya sudah dekat kereta akan habis ğŸ˜‚ğŸ˜‚ğŸ˜‚ğŸ˜‚,
370,AurelTritania,@puanmaharani_ri Semangat membangun bangsa ya mbak puan,
371,AldainSatu,@Safitridede1 @puanmaharani_ri saya belum pernah naik keretağŸ˜¢,
372,AldainSatu,@PdipSolid @puanmaharani_ri Kalau musim mudik pasti sering belanja,
373,AfifahKirana2,"@puanmaharani_ri Garuda di dadaku,,Timnas U 20 teruslah semangat",
374,azkaayulutfiah,@puanmaharani_ri keren mbak puan ikut serta juga ya,
375,AldainSatu,@PdipSolid @puanmaharani_ri Lancar banget malah sehari PP ğŸ˜‚,
376,AldainSatu,@marufali6797 @puanmaharani_ri Kali ini mudik pasti lebih asik karna ada Bu puan yang perhatiin dari jauh2 hari,
377,AldainSatu,@puanmaharani_ri sejak tahun 2017 sangat lama sekali,
378,muhammadd_deni,@puanmaharani_ri maju terus sepak bola indonesia,bandung
379,AldainSatu,@puanmaharani_ri @KAI121 Semoga mudik tahun ini aman terkendali,
380,ayukhanny,@puanmaharani_ri mencari bakat generasi penerus bangsa di usia dini,
381,dea29808,@viviyo17 @puanmaharani_ri Mbak puan mah sosok perempuan terbaik,
382,AldainSatu,@puanmaharani_ri sangat hebat sudah dari jauh hari,
383,dea29808,@annisaratna0 @puanmaharani_ri Timnas U - 20 terbanglah tinggi garuda ku,
384,PertamaPpratama,@puanmaharani_ri Terus kasih suport ya mbak puan sepak bola indonesia,
385,RitasariiSari,@puanmaharani_ri ternyata mbak puan pencinta sepak bola juga,
386,KAPLAK_DENGKLAK,"@asboedionoid @bengkeldodo @aniesbaswedan @ganjarpranowo @AgusYudhoyono @KhofifahIP @erickthohir @ridwankamil @aheryawan @puanmaharani_ri Inyong baelah sing dadi Prengsingden ğŸ™ˆğŸ™ˆğŸ™ˆ.
Engko yu @CutSarina5 dadi Wangpres ya panglimane yoh @kiwalipitu @Rahim19752 @choymarkochoy @NediSetiadi @MYNasution2 ...
Inyong prengsingden dijamin TERKUCLUKEUN 100%ğŸ¤£ğŸ¤£ğŸ¤£
#PocutGoBatavia 
#earthquake 
#BadaiPerubahanDanKarma https://t.co/EReKfLHEIW",
387,dea29808,@Ernasusi13 @puanmaharani_ri Pasti moment yg ada cerita nya,
388,dea29808,"@AbdulSoleh_H @puanmaharani_ri Luv banget mbak puan,,kami padamu",
389,dea29808,@NenesKanza @puanmaharani_ri Bismilah Indonesia menang di Piala Dunia U - 20,
390,DedekIak,@viviyo17 @puanmaharani_ri Ibu Puan selalu mendukung para generasi muda dalam hal positif,
391,dea29808,@fadilahmaad67 @puanmaharani_ri Luar biasa lanjutkan,
392,DedekIak,@puanmaharani_ri Aamiin para atlet-atlet pasti bisa bawa harum nama bangsa,
393,dea29808,@Nesyaagustin8 @puanmaharani_ri Timnas Indonesia terbaik,
394,SuminRemedy,@SeeunRemedy @YeonjunRemedy Puan Maharani.,
395,DedekIak,"@qaidu3 @puanmaharani_ri Timnas Indonesia bisa, timnas Indonesia juara, timnas Indonesia bawa harum nama bangsa, SEMANGAT",
396,JatengTV,(04) Pada PT Perorangan seluruh kendala dan resiko kerugian serta keuntungan akan dihadapi dan ditanggung oleh pemilik usaha itu sendiri. #ptperorangan #badanhukum #badanusaha #umkm #ganjarpranowo #prabowo #aniesbaswedan #puanmaharani #pilpres2024 https://t.co/HRqCfZTPEG,"Semarang, Jawa Tengah"
397,DedekIak,@salmanbestu @puanmaharani_ri Iya Semoga saja Bu Puan capres RI 2024,
398,DedekIak,@PutraPujangga91 @puanmaharani_ri Semangat kita beri dukungan pada atlet-atlet muda Indonesia,
399,DedekIak,@Ernasusi13 @puanmaharani_ri Bukti nyata klu Ibu Puan selalu ikut partisipasi mendukung para generasi muda membawa harum nama bangsa,
400,dea29808,@salmanbestu @puanmaharani_ri Amiinkan yang kenceng,
401,DedekIak,@pusppitasari18 @puanmaharani_ri Aamiin semoga menang,
402,DedekIak,@BellaB6225355 @puanmaharani_ri Timnas Indonesia juara,
403,ZFArdR,"@ruhutsitompul Kok kerjaanmu serang Pak Anies terus Tak? Padahal semakin diserang, nama Pak Anies semakin melambung tinggi. Contoh lah PSI di 2019 kemarin malah nyungsep krn terlalu fokus serang Pak Anies.

Mana endorsemu buat bu @puanmaharani_ri yg berprestasi ini? Apa perlu dibantuin?ğŸ‘‡

ğŸ˜‚ğŸ¤£ https://t.co/RA1XcI3GyA",
404,DedekIak,@PutraPujangga91 @puanmaharani_ri Semoga pas hari H nya semua berjalan lancar,
405,DedekIak,@dea29808 @puanmaharani_ri Teruslah bersemangat bawa harum nama bangsa,
406,dea29808,@pusppitasari18 @puanmaharani_ri InsyaAllah timnas Indonesia menang,
407,DedekIak,@puanmaharani_ri Semangat terus Timnas Indonesia U-20 bawa harum nama bangsa,
408,dea29808,@HasanLind2 @puanmaharani_ri Suport terus mbak puan,
409,NAsBtati,@lovelands_ @ChaUnk_VR1 @puanmaharani_ri Paling vocal itu bisa saja ngigau...,
410,BossToukeeIsa,@FirzaHusain @puanmaharani_ri @ganjarpranowo @erickthohir @prabowo Pada saatnya nanti semua akan memilih bpk erick tohir sbgai capresnya,Indonesia
411,AldainSatu,@viviyo17 @puanmaharani_ri Jangan bosan berbagi hal inspirasi,
412,AldainSatu,@qaidu3 @puanmaharani_ri Indonesia menjadi contoh negara yang akan berjaya,
413,AldainSatu,@Zia1111 @puanmaharani_ri Tetap juara dihati,
414,AyahKami3,@acikcika6 @puanmaharani_ri Iya pastinya,
415,AldainSatu,@HasanLind2 @puanmaharani_ri Pas itu yang mendukung,
416,AldainSatu,@AbdulSoleh_H @puanmaharani_ri Semangat mendukung Bu puan insyaAllah bisa,
417,AldainSatu,@NenesKanza @puanmaharani_ri Indonesia menjadi tuan rumah Tan the next Champions,
418,AyahKami3,@marufali6797 @puanmaharani_ri Timnas Indonesia juara,
419,dea29808,@puanmaharani_ri semangat terus atlet atlet muda Indonesia untuk berprestasi lebih tinggi ke tingkat dunia,
420,AldainSatu,@Putraahmad22 @puanmaharani_ri Perempuan hebat dan tangguh mirip sekali seperti kakek dan ibunya,
421,AyahKami3,@dita16577 @puanmaharani_ri Optimis timnas Indonesia juara,
422,AldainSatu,@Putraahmad22 @puanmaharani_ri Ibu puan pandai menyimpan memory,
423,AldainSatu,@Ernasusi13 @puanmaharani_ri Pastinya akan terus terkenang,
424,AldainSatu,@pusppitasari18 @puanmaharani_ri Indonesia menjadi arah akan dibawa kemana bola dunia FIFA u 20 next juara,
425,AldainSatu,@puanmaharani_ri Semangat bupuan untuk terus dukung Indonesia next juara .5 tahun lalu dan skg untuk 5 tahun yang akan datang ..ğŸ˜ğŸ˜,
426,AyahKami3,@ubinhasnanto1 @puanmaharani_ri @PDI_Perjuangan Ibu Puan Maharani capres RI 2024,
427,AyahKami3,@BellaB6225355 @puanmaharani_ri Salut sama timnas Indonesia,
428,dodiubay14,@puanmaharani_ri Nah ini calon saya,"Gunung Putri bogor , Indonesia"
429,AyahKami3,@ShofwanZuhri @puanmaharani_ri Iya beneran mantap,
430,AyahKami3,@jipanaraya @puanmaharani_ri Pastinya mantap,
431,dea29808,"@puanmaharani_ri mbak puan menghadiri sebuah final pertandingan sepakbola usia dini di malang,,Jawa Timur",
432,AyahKami3,@NinoWiyu @puanmaharani_ri Berjiwa kepedulian seperti ini la yang layak jadi pemimpin no. 1 di negara kita tercinta ini,
433,tempodotco,"RUU PPRT Mangkrak di Meja Puan Maharani, Koalisi Sipil: Sudah Disalip 10 Undang-Undang https://t.co/X9RfHNA3JH #TempoNasional",Indonesia
434,AyahKami3,@rafaanandaaa @puanmaharani_ri Selalu menyempatkan hadir sosok seperti ini yang cocok jadi pemimpin,
435,AyahKami3,@TominHino @puanmaharani_ri Tak ada yang berubah dari sosok Ibu Puan,
436,AyahKami3,@puanmaharani_ri juara juara pasti timnas Indonesia juara,
437,acikcika6,"@PdipSolid @puanmaharani_ri Walaupun fotonya jadul tapi Ibu Puan yang sekarang tetap sama tidak ada yang berubah, tetap cantik dan awet muda",Indonesia
438,acikcika6,@tri910721 @puanmaharani_ri Bersatu kita teguh,Indonesia
439,acikcika6,@Putraahmad22 @puanmaharani_ri Perempuan satu ini memang is the best love you Bu Puan Maharani,Indonesia
440,acikcika6,@PutraPujangga91 @puanmaharani_ri Support terus untuk timnas Indonesia,Indonesia
441,acikcika6,@fadilahmaad67 @puanmaharani_ri Tak kenal kata lelah untuk selalu memberikan dukungan kepada timnas Indonesia U-20,Indonesia
442,acikcika6,"@Ernasusi13 @puanmaharani_ri Selalu ada Bu Puan ditiap acara, salut buat Ibu",Indonesia
443,acikcika6,@NenesKanza @puanmaharani_ri InsyaAllah timnas Indonesia juaranya,Indonesia
444,acikcika6,@aL_moert @puanmaharani_ri Presiden RI 2024 yang layak Ibu Puan Maharani,Indonesia
445,AinurHamim,@CNNIndonesia Lha @puanmaharani_ri kapan diperkenalkan Pakdhe?,Indonesia Raya
446,acikcika6,@Nesyaagustin8 @puanmaharani_ri Lewat doa kami disini mendukung timnas Indonesia juara,Indonesia
447,acikcika6,@pusppitasari18 @puanmaharani_ri Indonesia jadi tuan rumah piala Dunia U-20 waaawww sekali,Indonesia
448,acikcika6,@puanmaharani_ri ayo timnas pasti bisa berikan yang terbaik untuk Indonesia,Indonesia
449,qaidu3,@viviyo17 @puanmaharani_ri Sempurna harus yakin timnas Indonesia juara,
450,qaidu3,@Zia1111 @puanmaharani_ri Pastinya selalu optimis untuk menang,
451,qaidu3,@PutraPujangga91 @puanmaharani_ri Kami berharap timnas Indonesia juara,
452,qaidu3,@AbdulSoleh_H @puanmaharani_ri Iya dong pastinya Bu Puan gitu,
453,qaidu3,@fadilahmaad67 @puanmaharani_ri Harus terus semangat pastinya,
454,qaidu3,@Ernasusi13 @puanmaharani_ri Selalu ada Bu Puan di setiap moment para generasi muda ikut andil mengharumkan nama bangsa,
455,marufali6797,@Hakimalahmad1 @puanmaharani_ri sukses Bu puan,
456,qaidu3,@NenesKanza @puanmaharani_ri Ikut merasa bangga Indonesia jadi tuan rumah,
457,qaidu3,@tri910721 @aL_moert @puanmaharani_ri InsyaAllah capres 2024 Ibu Puan Maharani,
458,devi_pray,"Saat artis hny dijadikan vote getter shg drh ""kuning"" mampu dimenangi ""merah"". Namun sang aktor tak dianggap sbg partner dlm bekerja. Hny sbg pemantes. Keluhan, kritiknya viral. Kredibilitas bupati dipertanyakan, mampukah bekerja u warga? @puanmaharani_ri  https://t.co/g8bY6i2T9v",Cinere
459,marufali6797,@Safitridede1 @puanmaharani_ri Bener banget,
460,qaidu3,@Nesyaagustin8 @puanmaharani_ri Pastinya kita dukung lewat doa,
461,marufali6797,@hambarokp @puanmaharani_ri Semoga kita semua diberika. Kesehatan amin yarobal alamin,
462,PUANnews,"#PBB: Kelompok Islam Ingin Puan-Yusril Duet di Pilpres 2024 - IDN Times 
#PuanMaharani

https://t.co/eUX0FbFswF","Gatakrejo, Nguter, Sukoharjo"
463,qaidu3,@pusppitasari18 @puanmaharani_ri Ku yakin timnas Indonesia juara,
464,qaidu3,"@puanmaharani_ri Satu kata untuk timnas Indonesia, JUARA!",
465,ElangUtama2,"Last but not the least,publicly sharing e.g.Transperancy Int'l on CORRUPTIONS, Reducing Large Numbers RECIPIENT'S â—BLTâ—,Reducing Prices forâ– SEMBAKOâ– . There MUST BE something that @jokowi @puanmaharani_ri @bamsoet10 are IMMENSELY proud of THEMSELVES @Puspen_TNI @officialMKRI",South East Asia
466,ElangUtama2,"@jokowi @Kiyai_MarufAmin @bamsoet10 @puanmaharani_ri @DPR_RI @Puspen_TNI Another alternatives, perhaps, publically sharing the SPECTACULAR BENEFITS from IDR HUNDREDS Trillion Infrastructure Programs e.g. HUNDREDS KM TOLLROADS &amp; 50~DAMS outside Jawa? @bpkri",South East Asia
467,ely163535,@PutraPujangga91 @puanmaharani_ri Semakin dekat dengan hari H Semoga dilancarkan segalanya,
468,ely163535,@BellaB6225355 @puanmaharani_ri Pastinya para atlet-atlet sudah mempersiapkan fisik dan mental mereka masing-masing,
469,anakkeciik,@kolorbettmen @planetkencrot @kcbhour @heulatuh @puanmaharani_ri anjing,"Barstow, CA"
470,ely163535,"@NenesKanza @puanmaharani_ri Aamiin Indonesia bisa, Indonesia juara",
471,ely163535,@luluksaru251 @puanmaharani_ri Pastinya terus semangat para penerus bangsa,
472,ely163535,@BellaB6225355 @puanmaharani_ri Aamiin semoga tahun ini timnas Indonesia bawa harum nama bangsa,
473,OmBot18803320,@arvindonoviar @PDI_Perjuangan @puanmaharani_ri @budimandjatmiko @ganjarpranowo @gibran_tweet Msih sibuk surpa surpe aja lo ğŸ¤£ğŸ¤£ğŸ¤£ https://t.co/lpmza0cAXg,
474,JatengTV,(07) Kelebihan lainnya dari PT Peroangan adalah mendapatkan prioritas dalam mengakses berbagai program pemerintah yang dikhususkan untuk UMKM. #ptperorangan #badanhukum #badanusaha #ganjarpranowo #prabowo #aniesbaswedan #puanmaharani #pilpres2024 https://t.co/HRqCfZUnue,"Semarang, Jawa Tengah"
475,RosiKamel,@lovelands_ @ChaUnk_VR1 @puanmaharani_ri ğŸ˜‚ğŸ˜‚ğŸ˜‚,
476,iTeam_P4,@lovelands_ @ChaUnk_VR1 @puanmaharani_ri Hah ğŸ¤¦ğŸ»â€â™‚ï¸,Buitenzorg ğŸ’™
477,marufali6797,"@puanmaharani_ri Mantap,,",
478,martin_rachmant,https://t.co/S3SsWjb1Z0 @KPK_RI @KejaksaanRI @jokowi @msoekarnoputri @puanmaharani_ri @PDI_Perjuangan @ListyoSigitP @mohmahfudmd,"Jember, Jawa Timur"
479,hambarokp,@puanmaharani_ri Sebentar lagi kita puasa.,
480,PUANnews,"#Politisi Nasdem Ungkap Draf RUU Perlindungan PRT Mandek di ... - https://t.co/WPcIliBPMa 
#PuanMaharani

https://t.co/MwOISjoySw","Gatakrejo, Nguter, Sukoharjo"
481,PUANnews,"#PDIP Dinilai Masih Hadapi Dilema Besar Antara Ganjar dan Puan - https://t.co/ZNBsyh2Qk2 
#PuanMaharani

https://t.co/7Hwezmh19I","Gatakrejo, Nguter, Sukoharjo"
482,Hakimalahmad1,@puanmaharani_ri Mantap ibu puan.calon presiden 2024.,
483,Safitridede1,@PdipSolid @puanmaharani_ri Dukung penuh bersama ibu @puanmaharani_ri  saatnya perempuan memimpin. ğŸ…,
484,mangkuto78,@puanmaharani_ri Mohon dikasih kebebasan umat untuk pulang kampung lebaran ini ibu puan. Jangan ada syarat hantu Blau lagi bagi yg mudik.ğŸ™ğŸ™,jakarta 
485,DanaPensiun22,@puanmaharani_ri Mudik adalah budaya yg mengandung nilai filsafat bahwa kita semua akan selalu kembali ke tempat kita berasal.,
486,pricilia_maya22,"Liars Will try to reach out 1001 reason for hidding the lies and Honestly Will try to reach out 01 reason only for show the truth ..Megawati is tired ,i think she need retired from politic party sooner or later ,for real @jokowi @prabowo @puanmaharani_ri https://t.co/IYbqguwxnf","DKI Jakarta, Indonesia"
487,Air_Waybill,"@ChaUnk_VR1 Ini lagi DM man sama mba puan
@puanmaharani_ri ğŸ¤§",
488,haryono24849868,"Tahan RUU PPRT, Puan Maharani akan Dilaporkan ke MKD https://t.co/MvOhxbYaV5",
489,indraboyo2,"@tanyakanrl Puan Maharani, Gempita",
490,kayakuwek22,@Anaksemut4 @MudasirRomini @puanmaharani_ri Blm lama sodaraku kesono.. emng miris bnget tuh terminal kudus,Pulau Nusakambangan cilacap
491,kayakuwek22,@Anaksemut4 @MudasirRomini @puanmaharani_ri ğŸ˜…ğŸ˜…ğŸ˜…ğŸ˜†ğŸ˜†,Pulau Nusakambangan cilacap
492,warna_nusa,"Ini Dia Sumber Kekayaan Puan Maharani, Putri Megawati Berharta Lebih dari Rp390 Miliar https://t.co/GUGs2TU70P",Jl. Sumatera 118-120 Jember
493,Macho90El,"@itsamareguzel @puanmaharani_ri NO AUDIT , NO CONTROL, NO QUESTION...SEMUA ALAT NEGARA SUDAH GAGAL MENJALANKAN FUNGSINYA ,, REPUBLIK END GAME!",Jakarta
494,ngahAqthar_,@ChaUnk_VR1 @lovelands_ @puanmaharani_ri ğŸ¤­ğŸ¤­,nagasima
495,Elvin43127,@arvindonoviar @PDI_Perjuangan @puanmaharani_ri @budimandjatmiko @ganjarpranowo @gibran_tweet Karya yg bisa dibanggakan dari mereka apa?,
496,ChaUnk_VR1,@ngahAqthar_ @lovelands_ @puanmaharani_ri Semoga kmu berbahagia,kebon kopi
497,KDien24,"@KejaksaanRI BRAVO @ST_Burhanuddin  Terpenuhinya Hak2 Wong Cilik Lemah,Khususnya Petani Gagal Plasma/Kemitraan, Hal2 Mendasar LOKASI Pecaharian Keberlangsungan Hidup Mereka, Mungkin Fraksi @PDI_Perjuangan Kawal/Tuntaskan/Controling Curi Hati Masyarakat Tempatan DPR Umumnya @puanmaharani_ri",
498,lovelands_,@ChaUnk_VR1 @puanmaharani_ri ğŸ¤£ğŸ¤£ğŸ¤£,"St, Sunshine, VIC 3020"
499,Yuliant95452148,@itsamareguzel @puanmaharani_ri bisa jd lg mode off ğŸ˜€,Wakanda land
500,Mar33Cj,"@arvindonoviar @PDI_Perjuangan @puanmaharani_ri @budimandjatmiko @ganjarpranowo @gibran_tweet Jangan mainÂ² utk menentukan pemimpin...presiden 2024 hrs betulÂ² berjiwa ""MALAIKAT PANCASILA"" krn musuh dan tantangan bangsa kedepan bkn hanya bangsa asing,yg lebih berat adalah bangsa kt sendiri..
Presiden kedepan hrs yg mampu dan paham...persoalan bangsa ini..","Gambir, Indonesia"
